{"cameraMode":{"drawMode":0,"name":"Shaded","section":"Shading Mode"},"sceneLighting":true,"audioPlay":false,"sceneViewState":{"m_AlwaysRefresh":false,"showFog":true,"showSkybox":true,"showFlares":true,"showImageEffects":true,"showParticleSystems":true,"showVisualEffectGraphs":true,"m_FxEnabled":true},"in2DMode":false,"pivot":{"x":16.88734245300293,"y":0.9114810228347778,"z":-16.499225616455079},"rotation":{"x":0.1590903401374817,"y":0.40360891819000246,"z":-0.07151591032743454,"w":0.8982245326042175},"size":4.407983779907227,"orthographic":false}