{"cameraMode":{"drawMode":0,"name":"Shaded","section":"Shading Mode"},"sceneLighting":true,"audioPlay":false,"sceneViewState":{"m_AlwaysRefresh":false,"showFog":true,"showSkybox":true,"showFlares":true,"showImageEffects":true,"showParticleSystems":true,"showVisualEffectGraphs":true,"m_FxEnabled":true},"in2DMode":false,"pivot":{"x":7.964140892028809,"y":1.5471464395523072,"z":-10.023996353149414},"rotation":{"x":-0.1735752671957016,"y":-0.20216697454452516,"z":0.036556657403707507,"w":-0.9632443785667419},"size":1.5219756364822388,"orthographic":false}